public,assets,1,id,uuid,pg_catalog,uuid,NO,gen_random_uuid(),,,
public,assets,2,brand_id,uuid,pg_catalog,uuid,YES,,,,
public,assets,3,model_id,uuid,pg_catalog,uuid,YES,,,,
public,assets,4,capacity,character varying,pg_catalog,varchar,YES,,100,,
public,assets,5,serial_number,character varying,pg_catalog,varchar,NO,,100,,
public,assets,6,last_inspection_code,character varying,pg_catalog,varchar,NO,,100,,
public,assets,7,status,USER-DEFINED,public,asset_status,NO,,,,
public,assets,8,function_principle_id,uuid,pg_catalog,uuid,NO,,,,
public,assets,9,current_location_id,uuid,pg_catalog,uuid,NO,,,,
public,assets,10,current_ubication_id,uuid,pg_catalog,uuid,NO,,,,
public,assets,11,property_1,character varying,pg_catalog,varchar,YES,,255,,
public,assets,12,property_2,character varying,pg_catalog,varchar,YES,,255,,
public,assets,13,property_3,character varying,pg_catalog,varchar,YES,,255,,
public,assets,14,property_4,character varying,pg_catalog,varchar,YES,,255,,
public,assets,15,property_5,character varying,pg_catalog,varchar,YES,,255,,
public,assets,16,property_6,character varying,pg_catalog,varchar,YES,,255,,
public,assets,17,property_7,character varying,pg_catalog,varchar,YES,,255,,
public,assets,18,property_8,character varying,pg_catalog,varchar,YES,,255,,
public,assets,19,property_9,character varying,pg_catalog,varchar,YES,,255,,
public,assets,20,property_10,character varying,pg_catalog,varchar,YES,,255,,
public,assets,21,property_11,integer,pg_catalog,int4,YES,,,32,0
public,assets,22,property_12,integer,pg_catalog,int4,YES,,,32,0
public,assets,23,property_13,integer,pg_catalog,int4,YES,,,32,0
public,assets,24,property_14,integer,pg_catalog,int4,YES,,,32,0
public,assets,25,property_15,integer,pg_catalog,int4,YES,,,32,0
public,assets,26,property_16,double precision,pg_catalog,float8,YES,,,53,
public,assets,27,property_17,double precision,pg_catalog,float8,YES,,,53,
public,assets,28,property_18,double precision,pg_catalog,float8,YES,,,53,
public,assets,29,property_19,double precision,pg_catalog,float8,YES,,,53,
public,assets,30,property_20,double precision,pg_catalog,float8,YES,,,53,
public,assets,31,company_id,uuid,pg_catalog,uuid,NO,,,,
public,assets,32,created_at,timestamp with time zone,pg_catalog,timestamptz,NO,now(),,,
public,assets,33,updated_at,timestamp with time zone,pg_catalog,timestamptz,NO,now(),,,
public,assets,34,is_active,boolean,pg_catalog,bool,NO,true,,,
public,assets_certificates,1,id,uuid,pg_catalog,uuid,NO,gen_random_uuid(),,,
public,assets_certificates,2,asset_id,uuid,pg_catalog,uuid,NO,,,,
public,assets_certificates,3,certificate_id,uuid,pg_catalog,uuid,NO,,,,
public,assets_certificates,4,created_at,timestamp with time zone,pg_catalog,timestamptz,NO,now(),,,
public,assets_certificates,5,updated_at,timestamp with time zone,pg_catalog,timestamptz,NO,now(),,,
public,brands,1,id,uuid,pg_catalog,uuid,NO,gen_random_uuid(),,,
public,brands,2,name,text,pg_catalog,text,NO,,,,
public,brands,3,is_active,boolean,pg_catalog,bool,NO,true,,,
public,brands,4,company_id,uuid,pg_catalog,uuid,NO,,,,
public,brands,5,created_at,timestamp with time zone,pg_catalog,timestamptz,NO,now(),,,
public,brands,6,updated_at,timestamp with time zone,pg_catalog,timestamptz,NO,now(),,,
public,certificates,1,id,uuid,pg_catalog,uuid,NO,gen_random_uuid(),,,
public,certificates,2,storage_path,text,pg_catalog,text,NO,,,,
public,certificates,3,file_name,text,pg_catalog,text,NO,,,,
public,certificates,4,mime_type,text,pg_catalog,text,NO,,,,
public,certificates,5,uploaded_by,uuid,pg_catalog,uuid,NO,,,,
public,certificates,6,uploaded_at,timestamp with time zone,pg_catalog,timestamptz,NO,now(),,,
public,companies,1,id,uuid,pg_catalog,uuid,NO,gen_random_uuid(),,,
public,companies,2,name,text,pg_catalog,text,YES,,,,
public,companies,3,description,text,pg_catalog,text,YES,,,,
public,companies,4,created_at,timestamp with time zone,pg_catalog,timestamptz,NO,now(),,,
public,companies,5,is_active,boolean,pg_catalog,bool,NO,true,,,
public,functional_principle_scopes,1,id,uuid,pg_catalog,uuid,NO,gen_random_uuid(),,,
public,functional_principle_scopes,2,code,text,pg_catalog,text,NO,,,,
public,functional_principle_scopes,3,name,text,pg_catalog,text,NO,,,,
public,functional_principle_scopes,4,created_at,timestamp with time zone,pg_catalog,timestamptz,NO,now(),,,
public,functional_principle_scopes,5,updated_at,timestamp with time zone,pg_catalog,timestamptz,NO,now(),,,
public,functional_principle_scopes,6,company_id,uuid,pg_catalog,uuid,NO,,,,
public,functional_principles,1,id,uuid,pg_catalog,uuid,NO,gen_random_uuid(),,,
public,functional_principles,2,name,character varying,pg_catalog,varchar,NO,,100,,
public,functional_principles,3,property_1,character varying,pg_catalog,varchar,YES,,255,,
public,functional_principles,4,property_2,character varying,pg_catalog,varchar,YES,,255,,
public,functional_principles,5,property_3,character varying,pg_catalog,varchar,YES,,255,,
public,functional_principles,6,property_4,character varying,pg_catalog,varchar,YES,,255,,
public,functional_principles,7,property_5,character varying,pg_catalog,varchar,YES,,255,,
public,functional_principles,8,property_6,character varying,pg_catalog,varchar,YES,,255,,
public,functional_principles,9,property_7,character varying,pg_catalog,varchar,YES,,255,,
public,functional_principles,10,property_8,character varying,pg_catalog,varchar,YES,,255,,
public,functional_principles,11,property_9,character varying,pg_catalog,varchar,YES,,255,,
public,functional_principles,12,property_10,character varying,pg_catalog,varchar,YES,,255,,
public,functional_principles,13,property_11,character varying,pg_catalog,varchar,YES,,255,,
public,functional_principles,14,property_12,character varying,pg_catalog,varchar,YES,,255,,
public,functional_principles,15,property_13,character varying,pg_catalog,varchar,YES,,255,,
public,functional_principles,16,property_14,character varying,pg_catalog,varchar,YES,,255,,
public,functional_principles,17,property_15,character varying,pg_catalog,varchar,YES,,255,,
public,functional_principles,18,property_16,character varying,pg_catalog,varchar,YES,,255,,
public,functional_principles,19,property_17,character varying,pg_catalog,varchar,YES,,255,,
public,functional_principles,20,property_18,character varying,pg_catalog,varchar,YES,,255,,
public,functional_principles,21,property_19,character varying,pg_catalog,varchar,YES,,255,,
public,functional_principles,22,property_20,character varying,pg_catalog,varchar,YES,,255,,
public,functional_principles,23,created_at,timestamp with time zone,pg_catalog,timestamptz,NO,now(),,,
public,functional_principles,24,updated_at,timestamp with time zone,pg_catalog,timestamptz,NO,now(),,,
public,functional_principles,25,company_id,uuid,pg_catalog,uuid,NO,,,,
public,functional_principles,26,is_active,boolean,pg_catalog,bool,NO,true,,,
public,functional_principles,27,scope_id,uuid,pg_catalog,uuid,NO,,,,
public,locations,1,id,uuid,pg_catalog,uuid,NO,gen_random_uuid(),,,
public,locations,2,name,character varying,pg_catalog,varchar,NO,,100,,
public,locations,3,type,USER-DEFINED,public,location_type,NO,,,,
public,locations,4,is_active,boolean,pg_catalog,bool,NO,true,,,
public,locations,5,created_at,timestamp with time zone,pg_catalog,timestamptz,NO,now(),,,
public,locations,6,updated_at,timestamp with time zone,pg_catalog,timestamptz,NO,now(),,,
public,locations,7,company_id,uuid,pg_catalog,uuid,NO,,,,
public,models,1,id,uuid,pg_catalog,uuid,NO,gen_random_uuid(),,,
public,models,2,name,text,pg_catalog,text,NO,,,,
public,models,3,brand_id,uuid,pg_catalog,uuid,NO,,,,
public,models,4,is_active,boolean,pg_catalog,bool,NO,true,,,
public,models,5,company_id,uuid,pg_catalog,uuid,NO,,,,
public,models,6,created_at,timestamp with time zone,pg_catalog,timestamptz,NO,now(),,,
public,models,7,updated_at,timestamp with time zone,pg_catalog,timestamptz,NO,now(),,,
public,operating_bases,1,id,uuid,pg_catalog,uuid,NO,,,,
public,operating_bases,2,supplier_id,uuid,pg_catalog,uuid,NO,,,,
public,operating_bases,3,created_at,timestamp with time zone,pg_catalog,timestamptz,NO,now(),,,
public,operating_bases,4,updated_at,timestamp with time zone,pg_catalog,timestamptz,NO,now(),,,
public,permissions,1,id,uuid,pg_catalog,uuid,NO,gen_random_uuid(),,,
public,permissions,2,company_id,uuid,pg_catalog,uuid,NO,gen_random_uuid(),,,
public,permissions,3,name,text,pg_catalog,text,NO,,,,
public,permissions,4,is_custom,boolean,pg_catalog,bool,YES,true,,,
public,permissions,5,created_at,timestamp with time zone,pg_catalog,timestamptz,NO,now(),,,
public,rigs,1,id,uuid,pg_catalog,uuid,NO,,,,
public,rigs,2,current_well_id,uuid,pg_catalog,uuid,YES,,,,
public,rigs,3,created_at,timestamp with time zone,pg_catalog,timestamptz,NO,now(),,,
public,rigs,4,updated_at,timestamp with time zone,pg_catalog,timestamptz,NO,now(),,,
public,role_permissions,1,id,uuid,pg_catalog,uuid,NO,gen_random_uuid(),,,
public,role_permissions,2,role_id,uuid,pg_catalog,uuid,YES,gen_random_uuid(),,,
public,role_permissions,3,permission_id,uuid,pg_catalog,uuid,YES,gen_random_uuid(),,,
public,role_permissions,4,created_at,timestamp with time zone,pg_catalog,timestamptz,NO,now(),,,
public,roles,1,id,uuid,pg_catalog,uuid,NO,gen_random_uuid(),,,
public,roles,2,name,text,pg_catalog,text,NO,,,,
public,roles,3,description,text,pg_catalog,text,YES,,,,
public,roles,4,is_custom,boolean,pg_catalog,bool,YES,true,,,
public,roles,5,company_id,uuid,pg_catalog,uuid,NO,gen_random_uuid(),,,
public,roles,6,created_at,timestamp with time zone,pg_catalog,timestamptz,NO,now(),,,
public,suppliers,1,id,uuid,pg_catalog,uuid,NO,gen_random_uuid(),,,
public,suppliers,2,name,character varying,pg_catalog,varchar,NO,,50,,
public,suppliers,3,is_active,boolean,pg_catalog,bool,NO,true,,,
public,suppliers,4,created_at,timestamp with time zone,pg_catalog,timestamptz,NO,now(),,,
public,suppliers,5,updated_at,timestamp with time zone,pg_catalog,timestamptz,NO,now(),,,
public,suppliers,6,company_id,uuid,pg_catalog,uuid,NO,,,,
public,tasks,1,id,uuid,pg_catalog,uuid,NO,gen_random_uuid(),,,
public,tasks,2,description,text,pg_catalog,text,NO,,,,
public,tasks,3,start_date,timestamp with time zone,pg_catalog,timestamptz,NO,,,,
public,tasks,4,end_date,timestamp with time zone,pg_catalog,timestamptz,NO,,,,
public,tasks,5,comments,text,pg_catalog,text,YES,,,,
public,tasks,6,previous_task_id,uuid,pg_catalog,uuid,YES,,,,
public,tasks,7,next_task_id,uuid,pg_catalog,uuid,YES,,,,
public,tasks,8,created_by,uuid,pg_catalog,uuid,NO,,,,
public,tasks,9,rig_id,uuid,pg_catalog,uuid,NO,,,,
public,tasks,10,created_at,timestamp with time zone,pg_catalog,timestamptz,NO,now(),,,
public,tasks,11,updated_at,timestamp with time zone,pg_catalog,timestamptz,NO,now(),,,
public,tasks,12,is_active,boolean,pg_catalog,bool,NO,true,,,
public,tasks,13,status,USER-DEFINED,public,task_status,NO,'pending'::task_status,,,
public,transaction_details,1,id,uuid,pg_catalog,uuid,NO,gen_random_uuid(),,,
public,transaction_details,2,transaction_id,uuid,pg_catalog,uuid,NO,,,,
public,transaction_details,3,asset_id,uuid,pg_catalog,uuid,NO,,,,
public,transaction_details,4,comments,text,pg_catalog,text,YES,,,,
public,transaction_details,5,created_at,timestamp with time zone,pg_catalog,timestamptz,NO,now(),,,
public,transaction_details,6,updated_at,timestamp with time zone,pg_catalog,timestamptz,NO,now(),,,
public,transactions,1,id,uuid,pg_catalog,uuid,NO,gen_random_uuid(),,,
public,transactions,3,origin_location_id,uuid,pg_catalog,uuid,NO,,,,
public,transactions,4,destination_location_id,uuid,pg_catalog,uuid,NO,,,,
public,transactions,5,date,timestamp with time zone,pg_catalog,timestamptz,NO,,,,
public,transactions,6,justification,text,pg_catalog,text,NO,,,,
public,transactions,7,created_by,uuid,pg_catalog,uuid,NO,,,,
public,transactions,8,created_at,timestamp with time zone,pg_catalog,timestamptz,NO,now(),,,
public,transactions,9,updated_at,timestamp with time zone,pg_catalog,timestamptz,NO,now(),,,
public,transactions,10,type,USER-DEFINED,public,transaction_type,NO,'transfer'::transaction_type,,,
public,transactions,11,origin_ubication_id,uuid,pg_catalog,uuid,NO,,,,
public,transactions,12,destination_ubication_id,uuid,pg_catalog,uuid,NO,,,,
public,ubications,1,id,uuid,pg_catalog,uuid,NO,gen_random_uuid(),,,
public,ubications,2,name,character varying,pg_catalog,varchar,NO,,50,,
public,ubications,3,created_at,timestamp with time zone,pg_catalog,timestamptz,NO,now(),,,
public,ubications,4,updated_at,timestamp with time zone,pg_catalog,timestamptz,NO,now(),,,
public,ubications,5,company_id,uuid,pg_catalog,uuid,NO,,,,
public,ubications,6,is_active,boolean,pg_catalog,bool,NO,true,,,
public,ubications,7,allow_multi_assets,boolean,pg_catalog,bool,NO,false,,,
public,user_roles,1,id,uuid,pg_catalog,uuid,NO,gen_random_uuid(),,,
public,user_roles,2,user_id,uuid,pg_catalog,uuid,YES,gen_random_uuid(),,,
public,user_roles,3,role_id,uuid,pg_catalog,uuid,YES,gen_random_uuid(),,,
public,user_roles,5,created_at,timestamp with time zone,pg_catalog,timestamptz,NO,now(),,,
public,users,1,id,uuid,pg_catalog,uuid,NO,gen_random_uuid(),,,
public,users,2,name,text,pg_catalog,text,YES,,,,
public,users,3,email,text,pg_catalog,text,YES,,,,
public,users,4,job_position,text,pg_catalog,text,YES,,,,
public,users,5,phone,text,pg_catalog,text,YES,,,,
public,users,6,is_active,boolean,pg_catalog,bool,YES,,,,
public,users,7,image_url,text,pg_catalog,text,YES,,,,
public,users,8,created_at,timestamp with time zone,pg_catalog,timestamptz,NO,now(),,,
public,users,9,company_id,uuid,pg_catalog,uuid,NO,,,,
public,wells,1,id,uuid,pg_catalog,uuid,NO,gen_random_uuid(),,,
public,wells,2,name,character varying,pg_catalog,varchar,NO,,50,,
public,wells,3,is_active,boolean,pg_catalog,bool,NO,true,,,
public,wells,4,created_at,timestamp with time zone,pg_catalog,timestamptz,NO,now(),,,
public,wells,5,updated_at,timestamp with time zone,pg_catalog,timestamptz,NO,now(),,,
public,wells,6,company_id,uuid,pg_catalog,uuid,NO,,,,
storage,buckets,1,id,text,pg_catalog,text,NO,,,,
storage,buckets,2,name,text,pg_catalog,text,NO,,,,
storage,buckets,3,owner,uuid,pg_catalog,uuid,YES,,,,
storage,buckets,4,created_at,timestamp with time zone,pg_catalog,timestamptz,YES,now(),,,
storage,buckets,5,updated_at,timestamp with time zone,pg_catalog,timestamptz,YES,now(),,,
storage,buckets,6,public,boolean,pg_catalog,bool,YES,false,,,
storage,buckets,7,avif_autodetection,boolean,pg_catalog,bool,YES,false,,,
storage,buckets,8,file_size_limit,bigint,pg_catalog,int8,YES,,,64,0
storage,buckets,9,allowed_mime_types,ARRAY,pg_catalog,_text,YES,,,,
storage,buckets,10,owner_id,text,pg_catalog,text,YES,,,,
storage,buckets,11,type,USER-DEFINED,storage,buckettype,NO,'STANDARD'::storage.buckettype,,,
storage,buckets,12,versioning_status,text,pg_catalog,text,NO,'DISABLED'::text,,,
storage,buckets_analytics,1,name,text,pg_catalog,text,NO,,,,
storage,buckets_analytics,2,type,USER-DEFINED,storage,buckettype,NO,'ANALYTICS'::storage.buckettype,,,
storage,buckets_analytics,3,format,text,pg_catalog,text,NO,'ICEBERG'::text,,,
storage,buckets_analytics,4,created_at,timestamp with time zone,pg_catalog,timestamptz,NO,now(),,,
storage,buckets_analytics,5,updated_at,timestamp with time zone,pg_catalog,timestamptz,NO,now(),,,
storage,buckets_analytics,6,id,uuid,pg_catalog,uuid,NO,gen_random_uuid(),,,
storage,buckets_analytics,7,deleted_at,timestamp with time zone,pg_catalog,timestamptz,YES,,,,
storage,buckets_vectors,1,id,text,pg_catalog,text,NO,,,,
storage,buckets_vectors,2,type,USER-DEFINED,storage,buckettype,NO,'VECTOR'::storage.buckettype,,,
storage,buckets_vectors,3,created_at,timestamp with time zone,pg_catalog,timestamptz,NO,now(),,,
storage,buckets_vectors,4,updated_at,timestamp with time zone,pg_catalog,timestamptz,NO,now(),,,
storage,migrations,1,id,integer,pg_catalog,int4,NO,,,32,0
storage,migrations,2,name,character varying,pg_catalog,varchar,NO,,100,,
storage,migrations,3,hash,character varying,pg_catalog,varchar,NO,,40,,
storage,migrations,4,executed_at,timestamp without time zone,pg_catalog,timestamp,YES,CURRENT_TIMESTAMP,,,
storage,objects,1,id,uuid,pg_catalog,uuid,NO,gen_random_uuid(),,,
storage,objects,2,bucket_id,text,pg_catalog,text,YES,,,,
storage,objects,3,name,text,pg_catalog,text,YES,,,,
storage,objects,4,owner,uuid,pg_catalog,uuid,YES,,,,
storage,objects,5,created_at,timestamp with time zone,pg_catalog,timestamptz,YES,now(),,,
storage,objects,6,updated_at,timestamp with time zone,pg_catalog,timestamptz,YES,now(),,,
storage,objects,7,last_accessed_at,timestamp with time zone,pg_catalog,timestamptz,YES,now(),,,
storage,objects,8,metadata,jsonb,pg_catalog,jsonb,YES,,,,
storage,objects,9,path_tokens,ARRAY,pg_catalog,_text,YES,,,,
storage,objects,10,version,text,pg_catalog,text,YES,,,,
storage,objects,11,owner_id,text,pg_catalog,text,YES,,,,
storage,objects,12,user_metadata,jsonb,pg_catalog,jsonb,YES,,,,
storage,objects,13,archived_at,timestamp with time zone,pg_catalog,timestamptz,YES,,,,
storage,objects,14,is_delete_marker,boolean,pg_catalog,bool,NO,false,,,
storage,objects,15,is_versioned,boolean,pg_catalog,bool,NO,false,,,
storage,s3_multipart_uploads,1,id,text,pg_catalog,text,NO,,,,
storage,s3_multipart_uploads,2,in_progress_size,bigint,pg_catalog,int8,NO,0,,64,0
storage,s3_multipart_uploads,3,upload_signature,text,pg_catalog,text,NO,,,,
storage,s3_multipart_uploads,4,bucket_id,text,pg_catalog,text,NO,,,,
storage,s3_multipart_uploads,5,key,text,pg_catalog,text,NO,,,,
storage,s3_multipart_uploads,6,version,text,pg_catalog,text,NO,,,,
storage,s3_multipart_uploads,7,owner_id,text,pg_catalog,text,YES,,,,
storage,s3_multipart_uploads,8,created_at,timestamp with time zone,pg_catalog,timestamptz,NO,now(),,,
storage,s3_multipart_uploads,9,user_metadata,jsonb,pg_catalog,jsonb,YES,,,,
storage,s3_multipart_uploads,10,metadata,jsonb,pg_catalog,jsonb,YES,,,,
storage,s3_multipart_uploads_parts,1,id,uuid,pg_catalog,uuid,NO,gen_random_uuid(),,,
storage,s3_multipart_uploads_parts,2,upload_id,text,pg_catalog,text,NO,,,,
storage,s3_multipart_uploads_parts,3,size,bigint,pg_catalog,int8,NO,0,,64,0
storage,s3_multipart_uploads_parts,4,part_number,integer,pg_catalog,int4,NO,,,32,0
storage,s3_multipart_uploads_parts,5,bucket_id,text,pg_catalog,text,NO,,,,
storage,s3_multipart_uploads_parts,6,key,text,pg_catalog,text,NO,,,,
storage,s3_multipart_uploads_parts,7,etag,text,pg_catalog,text,NO,,,,
storage,s3_multipart_uploads_parts,8,owner_id,text,pg_catalog,text,YES,,,,
storage,s3_multipart_uploads_parts,9,version,text,pg_catalog,text,NO,,,,
storage,s3_multipart_uploads_parts,10,created_at,timestamp with time zone,pg_catalog,timestamptz,NO,now(),,,
storage,vector_indexes,1,id,text,pg_catalog,text,NO,gen_random_uuid(),,,
storage,vector_indexes,2,name,text,pg_catalog,text,NO,,,,
storage,vector_indexes,3,bucket_id,text,pg_catalog,text,NO,,,,
storage,vector_indexes,4,data_type,text,pg_catalog,text,NO,,,,
storage,vector_indexes,5,dimension,integer,pg_catalog,int4,NO,,,32,0
storage,vector_indexes,6,distance_metric,text,pg_catalog,text,NO,,,,
storage,vector_indexes,7,metadata_configuration,jsonb,pg_catalog,jsonb,YES,,,,
storage,vector_indexes,8,created_at,timestamp with time zone,pg_catalog,timestamptz,NO,now(),,,
storage,vector_indexes,9,updated_at,timestamp with time zone,pg_catalog,timestamptz,NO,now(),,,
